<?xml version="1.0" encoding="utf-8"?>
<Map srs="+proj=merc +a=6378137 +b=6378137 +lat_ts=0.0 +lon_0=0.0 +x_0=0.0 +y_0=0.0 +k=1.0 +units=m +nadgrids=@null +wktext +no_defs +over" background-color="#ffffff" maximum-extent="-20037508.34,-20037508.34,20037508.34,20037508.34">

   <Parameters>
     <Parameter name="scale">1</Parameter>
     <Parameter name="center">0,0,4</Parameter>
     <Parameter name="format">png</Parameter>
     <Parameter name="metatile">2</Parameter>
     <Parameter name="bounds">-180,-85.05112877980659,180,85.05112877980659</Parameter>
     <Parameter name="name">Schwarzplan</Parameter>
     <Parameter name="minzoom">0</Parameter>
     <Parameter name="maxzoom">22</Parameter>
     <Parameter name="description">Schwarzplan</Parameter>
   </Parameters>

   <FontSet name="fontset-0">
     <Font face-name="Noto Sans UI Regular"/>
     <Font face-name="Noto Sans CJK JP Regular"/>
     <Font face-name="Noto Sans Armenian Regular"/>
     <Font face-name="Noto Sans Balinese Regular"/>
     <Font face-name="Noto Sans Bamum Regular"/>
     <Font face-name="Noto Sans Batak Regular"/>
     <Font face-name="Noto Sans Bengali UI Regular"/>
     <Font face-name="Noto Sans Buginese Regular"/>
     <Font face-name="Noto Sans Buhid Regular"/>
     <Font face-name="Noto Sans Canadian Aboriginal Regular"/>
     <Font face-name="Noto Sans Cham Regular"/>
     <Font face-name="Noto Sans Cherokee Regular"/>
     <Font face-name="Noto Sans Coptic Regular"/>
     <Font face-name="Noto Sans Devanagari UI Regular"/>
     <Font face-name="Noto Sans Devanagari Regular"/>
     <Font face-name="Noto Sans Ethiopic Regular"/>
     <Font face-name="Noto Sans Georgian Regular"/>
     <Font face-name="Noto Sans Gujarati UI Regular"/>
     <Font face-name="Noto Sans Gujarati Regular"/>
     <Font face-name="Noto Sans Gurmukhi UI Regular"/>
     <Font face-name="Noto Sans Hanunoo Regular"/>
     <Font face-name="Noto Sans Hebrew Regular"/>
     <Font face-name="Noto Sans Javanese Regular"/>
     <Font face-name="Noto Sans Kannada UI Regular"/>
     <Font face-name="Noto Sans Kayah Li Regular"/>
     <Font face-name="Noto Sans Khmer UI Regular"/>
     <Font face-name="Noto Sans Lao UI Regular"/>
     <Font face-name="Noto Sans Lepcha Regular"/>
     <Font face-name="Noto Sans Limbu Regular"/>
     <Font face-name="Noto Sans Lisu Regular"/>
     <Font face-name="Noto Sans Malayalam UI Regular"/>
     <Font face-name="Noto Sans Mandaic Regular"/>
     <Font face-name="Noto Sans Mongolian Regular"/>
     <Font face-name="Noto Sans Myanmar UI Regular"/>
     <Font face-name="Noto Sans New Tai Lue Regular"/>
     <Font face-name="Noto Sans NKo Regular"/>
     <Font face-name="Noto Sans Ol Chiki Regular"/>
     <Font face-name="Noto Sans Oriya UI Regular"/>
     <Font face-name="Noto Sans Oriya Regular"/>
     <Font face-name="Noto Sans Osmanya Regular"/>
     <Font face-name="Noto Sans Samaritan Regular"/>
     <Font face-name="Noto Sans Saurashtra Regular"/>
     <Font face-name="Noto Sans Shavian Regular"/>
     <Font face-name="Noto Sans Sinhala Regular"/>
     <Font face-name="Noto Sans Sundanese Regular"/>
     <Font face-name="Noto Sans Symbols Regular"/>
     <Font face-name="Noto Sans Syriac Eastern Regular"/>
     <Font face-name="Noto Sans Syriac Estrangela Regular"/>
     <Font face-name="Noto Sans Syriac Western Regular"/>
     <Font face-name="Noto Sans Tagalog Regular"/>
     <Font face-name="Noto Sans Tagbanwa Regular"/>
     <Font face-name="Noto Sans Tai Le Regular"/>
     <Font face-name="Noto Sans Tai Tham Regular"/>
     <Font face-name="Noto Sans Tai Viet Regular"/>
     <Font face-name="Noto Sans Tamil UI Regular"/>
     <Font face-name="Noto Sans Telugu UI Regular"/>
     <Font face-name="Noto Sans Thaana Regular"/>
     <Font face-name="Noto Sans Thai UI Regular"/>
     <Font face-name="Noto Sans Tibetan Regular"/>
     <Font face-name="Noto Sans Tifinagh Regular"/>
     <Font face-name="Noto Sans Vai Regular"/>
     <Font face-name="Noto Sans Yi Regular"/>
     <Font face-name="Noto Naskh Arabic UI Regular"/>
     <Font face-name="Noto Emoji Regular"/>
     <Font face-name="DejaVu Sans Book"/>
     <Font face-name="Unifont Medium"/>
     <Font face-name="unifont Medium"/>
     <Font face-name="Unifont Upper Medium"/>
   </FontSet>

   <FontSet name="fontset-1">
     <Font face-name="Noto Sans UI Italic"/>
     <Font face-name="Noto Sans UI Regular"/>
     <Font face-name="Noto Sans CJK JP Regular"/>
     <Font face-name="Noto Sans Armenian Regular"/>
     <Font face-name="Noto Sans Balinese Regular"/>
     <Font face-name="Noto Sans Bamum Regular"/>
     <Font face-name="Noto Sans Batak Regular"/>
     <Font face-name="Noto Sans Bengali UI Regular"/>
     <Font face-name="Noto Sans Buginese Regular"/>
     <Font face-name="Noto Sans Buhid Regular"/>
     <Font face-name="Noto Sans Canadian Aboriginal Regular"/>
     <Font face-name="Noto Sans Cham Regular"/>
     <Font face-name="Noto Sans Cherokee Regular"/>
     <Font face-name="Noto Sans Coptic Regular"/>
     <Font face-name="Noto Sans Devanagari UI Regular"/>
     <Font face-name="Noto Sans Devanagari Regular"/>
     <Font face-name="Noto Sans Ethiopic Regular"/>
     <Font face-name="Noto Sans Georgian Regular"/>
     <Font face-name="Noto Sans Gujarati UI Regular"/>
     <Font face-name="Noto Sans Gujarati Regular"/>
     <Font face-name="Noto Sans Gurmukhi UI Regular"/>
     <Font face-name="Noto Sans Hanunoo Regular"/>
     <Font face-name="Noto Sans Hebrew Regular"/>
     <Font face-name="Noto Sans Javanese Regular"/>
     <Font face-name="Noto Sans Kannada UI Regular"/>
     <Font face-name="Noto Sans Kayah Li Regular"/>
     <Font face-name="Noto Sans Khmer UI Regular"/>
     <Font face-name="Noto Sans Lao UI Regular"/>
     <Font face-name="Noto Sans Lepcha Regular"/>
     <Font face-name="Noto Sans Limbu Regular"/>
     <Font face-name="Noto Sans Lisu Regular"/>
     <Font face-name="Noto Sans Malayalam UI Regular"/>
     <Font face-name="Noto Sans Mandaic Regular"/>
     <Font face-name="Noto Sans Mongolian Regular"/>
     <Font face-name="Noto Sans Myanmar UI Regular"/>
     <Font face-name="Noto Sans New Tai Lue Regular"/>
     <Font face-name="Noto Sans NKo Regular"/>
     <Font face-name="Noto Sans Ol Chiki Regular"/>
     <Font face-name="Noto Sans Oriya UI Regular"/>
     <Font face-name="Noto Sans Oriya Regular"/>
     <Font face-name="Noto Sans Osmanya Regular"/>
     <Font face-name="Noto Sans Samaritan Regular"/>
     <Font face-name="Noto Sans Saurashtra Regular"/>
     <Font face-name="Noto Sans Shavian Regular"/>
     <Font face-name="Noto Sans Sinhala Regular"/>
     <Font face-name="Noto Sans Sundanese Regular"/>
     <Font face-name="Noto Sans Symbols Regular"/>
     <Font face-name="Noto Sans Syriac Eastern Regular"/>
     <Font face-name="Noto Sans Syriac Estrangela Regular"/>
     <Font face-name="Noto Sans Syriac Western Regular"/>
     <Font face-name="Noto Sans Tagalog Regular"/>
     <Font face-name="Noto Sans Tagbanwa Regular"/>
     <Font face-name="Noto Sans Tai Le Regular"/>
     <Font face-name="Noto Sans Tai Tham Regular"/>
     <Font face-name="Noto Sans Tai Viet Regular"/>
     <Font face-name="Noto Sans Tamil UI Regular"/>
     <Font face-name="Noto Sans Telugu UI Regular"/>
     <Font face-name="Noto Sans Thaana Regular"/>
     <Font face-name="Noto Sans Thai UI Regular"/>
     <Font face-name="Noto Sans Tibetan Regular"/>
     <Font face-name="Noto Sans Tifinagh Regular"/>
     <Font face-name="Noto Sans Vai Regular"/>
     <Font face-name="Noto Sans Yi Regular"/>
     <Font face-name="Noto Naskh Arabic UI Regular"/>
     <Font face-name="Noto Emoji Regular"/>
     <Font face-name="DejaVu Sans Oblique"/>
     <Font face-name="DejaVu Sans Book"/>
     <Font face-name="Unifont Medium"/>
     <Font face-name="unifont Medium"/>
     <Font face-name="Unifont Upper Medium"/>
   </FontSet>

   <FontSet name="fontset-2">
     <Font face-name="Noto Sans UI Bold"/>
     <Font face-name="Noto Sans CJK JP Bold"/>
     <Font face-name="Noto Sans Armenian Bold"/>
     <Font face-name="Noto Sans Bengali UI Bold"/>
     <Font face-name="Noto Sans Cham Bold"/>
     <Font face-name="Noto Sans Devanagari UI Bold"/>
     <Font face-name="Noto Sans Devanagari Bold"/>
     <Font face-name="Noto Sans Ethiopic Bold"/>
     <Font face-name="Noto Sans Georgian Bold"/>
     <Font face-name="Noto Sans Gujarati UI Bold"/>
     <Font face-name="Noto Sans Gujarati Bold"/>
     <Font face-name="Noto Sans Gurmukhi UI Bold"/>
     <Font face-name="Noto Sans Hebrew Bold"/>
     <Font face-name="Noto Sans Kannada UI Bold"/>
     <Font face-name="Noto Sans Khmer UI Bold"/>
     <Font face-name="Noto Sans Lao UI Bold"/>
     <Font face-name="Noto Sans Malayalam UI Bold"/>
     <Font face-name="Noto Sans Myanmar UI Bold"/>
     <Font face-name="Noto Sans Oriya UI Bold"/>
     <Font face-name="Noto Sans Oriya Bold"/>
     <Font face-name="Noto Sans Sinhala Bold"/>
     <Font face-name="Noto Sans Tamil UI Bold"/>
     <Font face-name="Noto Sans Telugu UI Bold"/>
     <Font face-name="Noto Sans Thaana Bold"/>
     <Font face-name="Noto Sans Thai UI Bold"/>
     <Font face-name="Noto Sans Tibetan Bold"/>
     <Font face-name="Noto Sans CJK JP Regular"/>
     <Font face-name="Noto Sans Balinese Regular"/>
     <Font face-name="Noto Sans Bamum Regular"/>
     <Font face-name="Noto Sans Batak Regular"/>
     <Font face-name="Noto Sans Buginese Regular"/>
     <Font face-name="Noto Sans Buhid Regular"/>
     <Font face-name="Noto Sans Canadian Aboriginal Regular"/>
     <Font face-name="Noto Sans Cherokee Regular"/>
     <Font face-name="Noto Sans Coptic Regular"/>
     <Font face-name="Noto Sans Devanagari UI Regular"/>
     <Font face-name="Noto Sans Devanagari Regular"/>
     <Font face-name="Noto Sans Georgian Regular"/>
     <Font face-name="Noto Sans Gujarati UI Regular"/>
     <Font face-name="Noto Sans Gujarati Regular"/>
     <Font face-name="Noto Sans Hanunoo Regular"/>
     <Font face-name="Noto Sans Javanese Regular"/>
     <Font face-name="Noto Sans Kayah Li Regular"/>
     <Font face-name="Noto Sans Lepcha Regular"/>
     <Font face-name="Noto Sans Limbu Regular"/>
     <Font face-name="Noto Sans Lisu Regular"/>
     <Font face-name="Noto Sans Mandaic Regular"/>
     <Font face-name="Noto Sans Mongolian Regular"/>
     <Font face-name="Noto Sans New Tai Lue Regular"/>
     <Font face-name="Noto Sans NKo Regular"/>
     <Font face-name="Noto Sans Ol Chiki Regular"/>
     <Font face-name="Noto Sans Osmanya Regular"/>
     <Font face-name="Noto Sans Samaritan Regular"/>
     <Font face-name="Noto Sans Saurashtra Regular"/>
     <Font face-name="Noto Sans Shavian Regular"/>
     <Font face-name="Noto Sans Sundanese Regular"/>
     <Font face-name="Noto Sans Symbols Regular"/>
     <Font face-name="Noto Sans Syriac Eastern Regular"/>
     <Font face-name="Noto Sans Syriac Estrangela Regular"/>
     <Font face-name="Noto Sans Syriac Western Regular"/>
     <Font face-name="Noto Sans Tagalog Regular"/>
     <Font face-name="Noto Sans Tagbanwa Regular"/>
     <Font face-name="Noto Sans Tai Le Regular"/>
     <Font face-name="Noto Sans Tai Tham Regular"/>
     <Font face-name="Noto Sans Tai Viet Regular"/>
     <Font face-name="Noto Sans Tifinagh Regular"/>
     <Font face-name="Noto Sans Vai Regular"/>
     <Font face-name="Noto Sans Yi Regular"/>
     <Font face-name="Noto Naskh Arabic UI Bold"/>
     <Font face-name="Noto Naskh Arabic UI Regular"/>
     <Font face-name="Noto Emoji Regular"/>
     <Font face-name="DejaVu Sans Bold"/>
     <Font face-name="DejaVu Sans Book"/>
     <Font face-name="Unifont Medium"/>
     <Font face-name="unifont Medium"/>
     <Font face-name="Unifont Upper Medium"/>
   </FontSet>

   <Style name="buildings">
    <Rule>
     <PolygonSymbolizer fill="#000000" clip="false" />
     <LineSymbolizer stroke-width="1" stroke="#000000" />
    </Rule>
   </Style>
   
   <Layer name="buildings" srs="+proj=merc +a=6378137 +b=6378137 +lat_ts=0.0 +lon_0=0.0 +x_0=0.0 +y_0=0.0 +k=1.0 +units=m +nadgrids=@null +wktext +no_defs +over">
    <StyleName>buildings</StyleName>
    <Datasource>
     <Parameter name="user">postgres</Parameter>
     <Parameter name="extent">-20037508,-20037508,20037508,20037508</Parameter>
     <Parameter name="table">(SELECT way
       FROM planet_osm_polygon
       WHERE 
        (( building IS NOT NULL AND building != 'no' ) OR
         ( man_made='silo' or man_made='bunker_silo' OR man_made='storage_tank' OR 
           man_made='gasometer' OR man_made='tower' )
        ) 
        AND ( layer IS NULL OR layer IN ('0','1','2','3','4','5'))
        AND ( tunnel IS NULL OR tunnel='no')
      ) AS buildings
     </Parameter>
     <Parameter name="geometry_field">way</Parameter>
     <Parameter name="type">postgis</Parameter>
     <Parameter name="dbname">osmcarto4</Parameter>
    </Datasource>
   </Layer>

</Map>
